Left,Right,Center,LeftStop,RightStop,CenterStop,LeftStart,RightStart,CenterStart
https://www.latimes.com/california/story/2025-05-28/visas-chinese-students-revocation,https://www.foxnews.com/politics/state-dept-says-doges-changes-permanent-amid-musks-departure,https://abc7chicago.com/post/white-house-pulls-nasa-administrator-nominee-jared-isaacman-billionaire-elon-musk-ties-president-trump-pick-replacement/16614337/,Sign up for Essential California,,Copyright,,,
https://www.nbcnews.com/politics/immigration/judge-blocks-trump-revoking-protected-status-thousands-venezuelans-rcna210153,https://www.foxnews.com/politics/biden-decline-so-bad-he-got-lost-white-house-closet-whistleblower-tells-senator,https://www.bbc.com/news/articles/cy8nrg2r0evo,Alexandra Marquez,,Copyright 2025 BBC.,There are no new alerts at this time,,
https://www.latimes.com/world-nation/story/2025-05-30/trump-tells-us-steelworkers-hes-going-to-double-tariffs-on-foreign-steel-to-50,https://www.dailywire.com/news/trump-hails-very-good-trade-call-with-chinas-xi,https://abc7.com/post/president-donald-trump-tells-us-steelworkers-hes-going-double-tariffs-foreign-steel-25-50/16603738/,"Price, Levy and Superville",Already have an account?,Associated Press writer Yuri,,,
https://www.cnn.com/2025/05/30/business/trump-announces-50-percent-steel-tariff,https://nypost.com/2025/05/30/us-news/trump-doubles-steel-tariffs-to-50-slams-shoddy-chinese-products-while-celebrating-nippons-14b-investment-in-america/,https://abc7.com/post/noem-says-national-guard-wouldnt-needed-la-newsom-had-done-job/16698906/,This story has been,Advertisement,,Follow:,,
https://www.latimes.com/world-nation/story/2025-06-05/trump-speaks-with-xi-amid-stalled-talks-between-the-us-and-china-over-tariffs,https://www.dailywire.com/news/supreme-court-unanimously-rules-in-favor-of-straight-woman-in-reverse-discrimination-lawsuit,https://www.forbes.com/sites/alisondurkee/2025/05/30/supreme-court-lets-trump-administration-revoke-500000-immigrants-temporary-protected-status/,Weissert and Megerian,Already have an account?,,,,Forbes Staff
https://www.npr.org/2025/06/07/nx-s1-5426618/vance-theo-von-trump-elon-feud,https://www.dailywire.com/news/chuck-grassley-biden-admin-ignored-65000-troubling-reports-about-unaccompanied-alien-children,https://www.bbc.com/news/articles/ce82g704rd2o,Sponsor Message,Already have an account?,To quell protests,Brian Mann,,
https://www.cnn.com/2025/05/30/politics/supreme-court-trump-deportations-parole,https://www.foxnews.com/politics/trump-calls-out-putin-walks-back-trade-deal-china-during-19th-week-office,https://www.bbc.com/news/articles/cy0k5x21y35o,CNN’s Catherine E. Shoichet,by Refinitiv Lipper,To quell protests,Follow:,Refinitiv Lipper,
https://www.msnbc.com/rachel-maddow-show/maddowblog/fbi-dan-bongino-pipe-bombs-white-house-cocaine-rcna209213,https://www.dailywire.com/news/scotus-rules-trump-can-revoke-protected-status-for-half-a-million-migrants-from-multiple-countries,https://www.bbc.com/news/articles/c0j76djzgpvo,Steve Benen is a producer for,Already have an account?,Follow the twists and turns of,Steve Benen,,
https://www.npr.org/2025/05/26/nx-s1-5412564/fbi-pipe-bomb-white-house-dobbs-bongino,https://www.breitbart.com/politics/2025/05/28/marco-rubio-issues-visa-ban-foreign-officials-censoring-american/,https://www.cnbc.com/2025/05/31/germanys-new-chancellor-to-meet-trump-in-washington-on-thursday.html,Sponsor Message,John Binder is,Got a confidential news tip,Jaclyn Diaz,,
https://www.npr.org/2025/06/05/nx-s1-5421316/trump-xi-tariffs-phone-call,https://thefederalist.com/2025/05/29/declassified-doc-fbi-doj-declined-to-charge-russia-collusion-hoaxer-who-allegedly-lied-to-congress/,https://www.newsweek.com/elon-musk-calls-trump-bill-disgusting-abomination-2080498,Sponsor Message,©,Update,Emily Feng,,Inconsistencies may occur.
https://www.npr.org/2025/06/04/nx-s1-5423787/trump-travel-ban,https://www.breitbart.com/politics/2025/05/30/trump-to-double-tariffs-on-steel-imports-to-50-percent-after-u-s-steel-deal/,https://www.newsweek.com/japan-news-researchers-warning-nuclear-arms-race-warhead-buildup-2081186,Sponsor Message,Please,Update,Asma Khalid,,Inconsistencies may occur.
https://www.npr.org/2025/06/05/nx-s1-5413185/fema-equity-disaster-trump-reform-hurricane-wildfire,https://www.breitbart.com/politics/2025/06/03/elon-musk-turns-on-trump-calls-presidents-big-beautiful-bill-disgusting-abomination/,https://www.newsweek.com/trump-big-beautiful-bill-cbo-debt-deficit-2080889,Sponsor Message,Please,Update,Rebecca Hersher,,Inconsistencies may occur.
https://www.npr.org/2025/06/04/nx-s1-5423652/trump-tariffs-cbo-deficits-house-budget-bill,https://www.foxnews.com/politics/white-house-stands-tax-bill-after-musk-calls-disgusting-abomination,https://www.newsweek.com/how-trump-administration-can-tackle-americas-addiction-problems-2080167,Sponsor Message,Fox News' Chad,Newsweek is committed,Scott Horsley,Refinitiv Lipper,Inconsistencies may occur.
https://www.npr.org/2025/06/05/nx-s1-5422334/germany-chancellor-merz-trump-white-house,https://nypost.com/2025/06/03/us-news/elon-musk-goes-off-on-big-beautiful-bill-days-after-leaving-trump-admin-disgusting-abomination/,https://www.newsweek.com/before-after-satellite-images-reveal-russian-pearl-harbor-devastation-2080973,Sponsor Message,Advertisement,Newsweek is committed,Rob Schmitz,,Inconsistencies may occur.
https://www.npr.org/2025/06/05/g-s1-69896/worldpride-dc-gay-pride-trump-lgbt,https://www.dailywire.com/news/elon-cant-stand-it-anymore-goes-nuclear-on-big-beautiful-bill,https://www.newsweek.com/russia-ukraine-putin-week-worst-2025-2080788,Sponsor Message,Already have an account?,Newsweek is committed,Ayana Archie,,Inconsistencies may occur.
https://www.npr.org/2025/06/05/nx-s1-5415740/trump-international-student-visas-uk-universities,https://www.dailywire.com/news/trumps-latest-barb-in-war-with-harvard-no-more-foreign-students,https://www.newsweek.com/donald-trump-approval-rating-update-polls-hispanics-2075849,Sponsor Message,Already have an account?,Newsweek is committed,Willem Marx,,Inconsistencies may occur.
https://www.npr.org/2025/06/04/nx-s1-5422490/democratic-rep-pramila-jayapal-discusses-president-trumps-recission-request,https://www.breitbart.com/economy/2025/06/05/trump-blocks-new-foreign-student-visas-for-harvard-u/,https://www.forbes.com/sites/antoniopequenoiv/2025/06/05/trump-bans-travel-from-12-countries-heres-what-we-know/,This digital article,Please,White House Now Claims,Steve Inskeep,,Forbes Staff
https://www.npr.org/2025/06/03/nx-s1-5418080/pbs-npr-trump-rescission-public-broadcasting,https://www.breitbart.com/politics/2025/06/04/exclusive-sen-marsha-blackburn-senate-will-make-big-beautiful-bill-better-than-the-house-version/,https://www.forbes.com/sites/saradorn/2025/06/04/trump-says-he-spoke-to-putin-for-more-than-an-hour-adds-putin-wants-to-retaliate-after-ukrainian-drone-attack/,Under NPR's protocol,Please,Trump Says Putin Has,David Folkenflik,,Forbes Staff
https://www.cnn.com/2025/06/04/politics/trump-travel-ban-proclamation,https://www.breitbart.com/politics/2025/06/04/republicans-say-elon-musks-criticism-big-beautiful-bill-is-largely-about-axing-electric-vehicle-credits/,https://www.forbes.com/sites/saradorn/2025/06/04/these-republicans-now-say-they-regret-voting-for-trumps-policy-bill/,"Helen Regan, Shania Shelton",Sean Moran is a,Trump’s Signature Policy Agenda,Follow:,,Forbes Staff
https://www.cnn.com/2025/06/04/politics/fema-white-house-disaster-relief-funds,https://www.breitbart.com/politics/2025/06/04/trumps-tariffs-would-cut-budget-deficits-by-2-8-trillion-cbo-says/,https://www.forbes.com/sites/saradorn/2025/06/04/kill-the-bill-musk-deepens-rant-against-trumps-signature-policy-legislation/,This story has been updated,Please let us know,Here's Where Medicaid Cuts,Follow:,,Forbes Staff
https://www.cnn.com/2025/05/28/politics/tax-bill-cbo-estimates-deficit-explained,https://www.breitbart.com/politics/2025/06/05/donald-trump-very-surprised-disappointed-elon-musks-harsh-criticism-big-beautiful-bill/,https://www.forbes.com/sites/siladityaray/2025/06/05/harvard-calls-out-illegal-retaliatory-step-as-trump-bars-entry-of-its-international-students/,©,Sean Moran is a,Judge Blocks Trump Administration,sign up for free,,Forbes Staff
https://www.cnn.com/2025/06/04/politics/elon-musk-trump-agenda-bill,https://www.breitbart.com/politics/2025/06/04/trump-wants-debt-limit-scrapped-to-protect-america-from-economic-catastrophe/,https://www.forbes.com/sites/saradorn/2025/06/04/trump-approval-rating-tracker-bounces-back-from-april-slump-in-latest-poll/,"Alayna Treene, Manu Raju",Please,Trump Announces Reciprocal Tariff,Follow:,,Forbes Staff
https://www.cnn.com/2025/06/02/politics/harvard-says-trump-white-house-directed-agencies-to-freeze-grant-money,https://thefederalist.com/videos/purnell-courts-let-dems-act-lawlessly-but-block-trump-when-he-tries-to-undo-it/,https://www.forbes.com/sites/dereksaul/2025/06/05/gop-billionaire-ken-griffin-says-trumps-tariffs-have-taken-toll-on-economy/,This story has been updated,©,,Follow:,,Forbes Staff
https://www.cnn.com/2025/06/03/politics/elon-musk-trump-republican-bill,https://nypost.com/2025/06/05/business/tesla-shares-tumble-as-trump-fires-back-at-elon-musk/,https://www.bbc.com/news/articles/cr4zpnl2x3eo,This story has been updated,Advertisement,"The ""Devil in the Ozarks"" escaped",Follow:,,
https://www.cnn.com/2025/06/03/media/trump-rescission-cpb-pbs-npr-public-broadcasters,https://nypost.com/2025/06/05/us-news/trump-xi-hold-very-good-phone-call-focused-almost-entirely-on-trade/,https://www.cnbc.com/2025/06/04/trump-moves-to-block-us-entry-for-foreigners-planning-to-study-at-harvard-university-.html,Most stock quote data provided,Advertisement,Got a confidential news tip?,Follow:,,
https://www.cnn.com/2025/06/03/economy/oecd-economic-downgrade-trump-tariffs-intl,https://nypost.com/2025/06/05/us-news/exclu-ice-facilities-bursting-at-the-seams-with-53k-illegal-migrants-in-detention-with-agency-desperate-for-funds-to-support-trumps-mass-deportation/,https://www.forbes.com/sites/antoniopequenoiv/2025/06/04/trump-administration-tells-accrediting-board-columbia-fails-to-meet-standards/,Most stock quote data provided,Advertisement,Columbia Violated Civil,Follow:,,Forbes Staff
https://www.nbcnews.com/politics/justice-department/ice-operation-trump-focus-immigration-reshape-federal-law-enforcement-rcna193494,https://nypost.com/2025/06/05/us-news/trump-says-he-and-elon-musk-had-a-great-relationship-but-dont-know-if-we-will-anymore-after-billionaire-slams-big-beautiful-bill/,https://abc7.com/post/elon-musk-attacks-trumps-big-beautiful-bill-act-disgusting-abomination/16646179/,Julia Ainsley is the homeland security correspondent for,Advertisement,This is a developing story,There are no new alerts at this time,,
https://www.nbcnews.com/politics/trump-administration/trump-announces-new-travel-restrictions-19-countries-12-outright-bans-rcna211073,https://nypost.com/2025/06/05/world-news/russia-strike-kills-five-in-ukraine-hours-after-trump-putin-call/,https://www.bbc.com//news/articles/cx271g270v7o,Nnamdi Egwuonwu,Advertisement,Follow the twists and turns of,There are no new alerts at this time,,
https://www.nbcnews.com/politics/donald-trump/gilded-perch-trump-tries-retain-common-touch-rcna209172,https://nypost.com/2025/06/05/us-news/guatemalan-deportee-flown-back-to-us-after-judge-orders-trump-admin-to-facilitate-return/,https://www.bbc.com//news/articles/cd7gp8l1241o,Peter Nicholas is a,Advertisement,"The ""Devil in the Ozarks"" escaped",There are no new alerts at this time,,
https://www.nbcnews.com/politics/trump-administration/trump-aims-build-maga-judiciary-breaking-traditional-conservatives-rcna210785,https://nypost.com/2025/06/01/opinion/supreme-court-helping-trump-undo-one-of-bidens-most-egregious-migrant-moves/,https://www.bbc.com//news/articles/cvgqzpljx3do,Lawrence Hurley is a,,Copyright 2025 BBC,There are no new alerts at this time,,
https://www.nbcnews.com/politics/supreme-court/supreme-court-rules-catholic-groups-unlawfully-barred-religious-exempt-rcna202654,https://nypost.com/2025/06/03/business/trump-poised-to-extend-tiktok-ban-deadline-for-third-time-as-us-china-meet-for-trade-talks-source/,https://www.bbc.com//news/articles/c5yg98rl717o,Lawrence Hurley is a,Advertisement,Follow the twists and turns,There are no new alerts at this time,,
https://www.nbcnews.com/politics/national-security/ice-arrests-record-number-immigrants-single-day-rcna210817,https://thefederalist.com/2025/06/05/texas-and-trump-administration-team-up-to-end-unconstitutional-in-state-tuition-for-illegals/,https://www.bbc.com//news/articles/cwyn2w4dr4no,Julia Ainsley is the,©,Copyright 2025 BBC,There are no new alerts at this time,,
https://www.nbcnews.com/news/us-news/trump-harvard-visas-rcna211079,https://thefederalist.com/2025/06/04/trump-administration-rescinds-biden-era-guidance-forcing-hospitals-to-perform-abortions/,https://abc7.com/post/donald-trump-says-hes-disappointed-elon-musk-tesla-ceo-doubles-down-criticism/16667318/,Phil Helsel is a,©,,There are no new alerts at this time,,
https://www.nbcnews.com/politics/white-house/trump-says-disappointed-elon-musks-attacks-gop-spending-bill-rcna211226,https://thefederalist.com/2025/06/02/trump-isnt-destroying-harvard-harvard-has-destroyed-itself/,https://abc7.com/post/president-donald-trump-announces-travel-ban-affecting-dozen-countries-set-go-effect-monday/16659611/,Rebecca Shabad is a,©,,There are no new alerts at this time,,
https://www.nbcnews.com/politics/donald-trump/elon-musk-breaks-trump-agenda-rcna210746,https://thefederalist.com/2025/06/04/ohios-apparent-medicaid-fraud-is-exactly-why-congress-must-increase-medicaid-scrutiny/,https://abc7.com/post/trump-administration-1st-time-returns-wrongly-deported-migrant-us/16666412/,Peter Nicholas is a senior,©,,There are no new alerts at this time,,
https://www.msnbc.com/know-your-value/out-of-office/oped-trumps-tariff-policy-will-disproportionately-hurt-women-rcna200099,https://thefederalist.com/2025/06/05/how-long-will-trump-let-rogue-judges-break-the-law-to-help-gangsters-and-terrorists/,https://abc7.com/post/president-donald-trump-orders-investigation-joe-bidens-use-autopen-claiming-white-house-cover/16659942/,Lauren Leader is the,©,,More Shows,,
https://www.msnbc.com/top-stories/latest/americans-defend-democracy-trump-rcna210425,https://thefederalist.com/2025/06/05/separation-of-powers-is-the-judiciarys-bogus-justification-for-anti-trump-lawfare/,https://abc7.com/post/supreme-court-makes-easier-claim-reverse-discrimination-employment-case-ohio/16665638/,Ali Velshi is the,©,,Ali Velshi,,
https://www.msnbc.com/opinion/msnbc-opinion/trump-musk-doge-congress-recission-rcna210903,https://thefederalist.com/2025/05/29/trump-admin-moves-to-revoke-u-s-student-visas-for-chinese-nationals/,https://abc7.com/post/trump-administration-backtracks-harvard-foreign-student-policy/16587931/,Hayes Brown is a,©,,More Shows,,
https://www.msnbc.com/top-stories/latest/joni-ernst-video-medicaid-cuts-republicans-rcna210381,https://www.dailywire.com/news/trump-doubles-tariffs-on-steel-and-aluminum-imports-as-trade-deadline-hits,https://abc7.com/post/trump-signs-executive-order-raising-tariffs-steel-aluminum-imports-50/16647461/,Former Rep. Joe Scarborough,Already have an account?,This is a developing story,Joe Scarborough,,
https://www.msnbc.com/top-stories/latest/trump-xi-jinping-negotiation-china-trade-deal-complaints-rcna210925,https://www.dailywire.com/news/trump-not-happy-with-elon-attack-big-beautiful-bill-speaker-johnson-says,,Zeeshan Aleem is a,Already have an account?,,Zeeshan Aleem,,
https://www.msnbc.com/top-stories/latest/florida-weatherman-trump-doge-cuts-tv-hurricane-season-rcna210976,https://www.dailywire.com/news/why-the-first-spending-cut-is-worth-making,,You can watch Morales' full report below.,*,,Allison Detzel,,
https://www.msnbc.com/opinion/msnbc-opinion/john-thune-trump-big-beautiful-bill-senate-rcna210677,https://www.dailywire.com/news/trump-warns-trade-partners-that-deadline-for-new-proposals-looms-friendly-reminder,,Hayes Brown is a,Already have an account?,,More Shows,,
https://www.latimes.com/politics/story/2025-06-03/musk-targets-trump-budget-spending-bill-abomination,https://www.foxnews.com/politics/musk-says-trump-would-have-lost-2024-election-without-him-big-beautiful-bill-feud-continues,,Get the L.A. Times Politics newsletter,Rachel Wolf is a,,,,
https://www.latimes.com/politics/story/2025-06-04/trump-orders-investigation-biden-autopen-while-house-republicans-pursue-own-probe,https://www.foxnews.com/politics/longtime-trump-loyalist-flips-gops-big-beautiful-bill,,Brown and Megerian write,Fox News Digital,,,Special Report,
https://www.latimes.com/politics/story/2025-06-01/trump-policy-disruptions-to-travel-may-culminate-at-peak-summer-season,https://www.foxnews.com/politics/trump-suspends-foreign-student-visas-harvard-university-amid-national-security-concerns,,Get the L.A. Times Politics newsletter,CLICK HERE TO,,,Refinitiv Lipper,
https://www.latimes.com/politics/story/2025-06-04/trump-announces-travel-ban-affecting-a-dozen-countries-set-to-go-into-effect-monday,https://www.foxnews.com/politics/politics-shamelessness-survival-tactic-from-trump-party-loyalty,,This article includes reporting from the Associated Press.,Howard Kurtz is,,,Refinitiv Lipper,
https://www.latimes.com/world-nation/story/2025-06-01/fact-focus-trumps-claims-about-remedial-math-at-harvard-dont-add-up,https://www.foxnews.com/politics/trump-touts-very-positive-breakthrough-xi-after-slamming-china-trade-violation,,Goldin writes for the Associated Press.,(Getty Images),,,Refinitiv Lipper,
,https://www.foxnews.com/politics/trump-responds-biden-dismissal-autopen-probe-says-he-didnt-know-what-going-on,,,CLICK HERE TO,,,Refinitiv Lipper,